filename,precision,recall,mIoU,class_acc,mae_dist
000031,0.9999998333333611,0.9999998333333611,0.8313592235369794,0.8333331944444675,1.2553582041185554
000035,0.799999840000032,0.799999840000032,0.8572995404563846,0.9999997500000625,1.5330214228809327
000060,0.599999880000024,0.7499998125000469,0.8526713027368839,0.6666664444445185,3.302560951854763
000080,0.9999997500000625,0.9999997500000625,0.8302757874864313,0.9999997500000625,0.9798144089065337
000134,0.8333332638888947,0.6666666222222252,0.7519679527693881,0.8999999100000091,4.07472631771369
