filename,precision,recall,mIoU,class_acc,mae_dist
000031,0.9999997500000625,0.6666665555555741,0.850351838710473,0.9999997500000625,0.8293393064438597
000035,0.799999840000032,0.799999840000032,0.8572995404563846,0.9999997500000625,3.658505879349359
000060,0.9999990000010001,0.24999993750001562,0.8998025222375051,0.9999990000010001,0.2953473761614134
000080,0.9999996666667778,0.7499998125000469,0.8833669932300933,0.9999996666667778,0.4054164806652091
000134,0.7499999062500118,0.39999997333333515,0.8119459194807503,0.9999998333333611,1.9218856532981914
